epoch,precision,recall,mAP50,mAP50-95
1,0.0811,0.0951,0.0257,0.00631
2,0.182,0.121,0.073,0.0209
3,0.0514,0.0634,0.0242,0.00653
4,0.174,0.2,0.0996,0.0289
5,0.285,0.183,0.139,0.0432
6,0.231,0.199,0.121,0.0347
7,0.258,0.184,0.132,0.0396
8,0.268,0.208,0.159,0.0505
9,0.284,0.226,0.176,0.0569
10,0.298,0.197,0.156,0.0496
11,0.318,0.268,0.228,0.077
12,0.339,0.232,0.22,0.0719
13,0.325,0.253,0.211,0.0711
14,0.338,0.261,0.24,0.0844
15,0.34,0.285,0.237,0.0813
16,0.303,0.275,0.209,0.0661
17,0.357,0.266,0.235,0.0801
18,0.362,0.285,0.254,0.0881
19,0.328,0.259,0.228,0.0788
20,0.368,0.301,0.264,0.091
21,0.345,0.295,0.249,0.086
22,0.368,0.293,0.26,0.0916
23,0.353,0.327,0.266,0.0922
24,0.352,0.286,0.259,0.0863
25,0.374,0.301,0.272,0.0967
26,0.373,0.318,0.286,0.102
27,0.408,0.325,0.298,0.106
28,0.382,0.31,0.281,0.0993
29,0.405,0.322,0.307,0.108
30,0.38,0.322,0.286,0.0996
31,0.398,0.342,0.314,0.112
32,0.409,0.328,0.306,0.11
33,0.394,0.337,0.316,0.113
34,0.409,0.341,0.321,0.114
35,0.401,0.35,0.315,0.112
36,0.408,0.332,0.315,0.113
37,0.427,0.354,0.334,0.121
38,0.409,0.363,0.331,0.119
39,0.408,0.367,0.336,0.121
40,0.409,0.35,0.324,0.114
41,0.425,0.358,0.337,0.121
42,0.401,0.364,0.338,0.122
43,0.405,0.375,0.337,0.119
44,0.417,0.37,0.343,0.123
45,0.421,0.381,0.346,0.124
46,0.424,0.376,0.349,0.126
47,0.432,0.377,0.354,0.129
48,0.425,0.378,0.352,0.127
49,0.42,0.38,0.35,0.126
50,0.43,0.378,0.351,0.128
